UniProt_ID,PDB_ID,Taxonomy_Lineage
O67776,7CQD,Bacteria
P14738,4B60,Bacteria
A0A0H2URK1,3ZGH,Bacteria
Q9I420,1XPN,Bacteria
Q9I194,3SRA,Bacteria
A0A0F0AZW0,6UGL,Bacteria
Q2G015,2VR3,Bacteria
Q9KPI8,3DP9,Bacteria
P06996,2J4U,Bacteria
Q8EGB0,3MFX,Bacteria
Q8KNY0,4XSH,Bacteria
P0AA04,5YA1,Bacteria
P77432,5YA1,Bacteria
Q53971,1O9A,Bacteria
G3XCV0,4WXM,Bacteria
P08191,6YHW,Bacteria
Q14U76,5CFA,Bacteria
Q79LN3,7C7U,Bacteria
Q6GDH2,4F27,Bacteria
H8W6K8,6XI3,Bacteria
Q9KQW0,6MLT,Bacteria
P75906,3VUS,Bacteria
Q9HWH7,6IGB,Bacteria
P04128,2M5G,Bacteria
Q8DW05,5XE9,Bacteria
P08189,2JMR,Bacteria
Q9I1N2,4ZN2,Bacteria
Q7A382,3AT0,Bacteria
Q9KM65,3HQT,Bacteria
Q9HYN5,3DCQ,Bacteria
Q9AJW7,3LW8,Bacteria
D3QT67,3QMQ,Bacteria
P64461,3QMQ,Bacteria
P0AEX9,6LF3,Bacteria
Q5M4D0,6W1F,Bacteria
Q5HPA2,6GV8,Bacteria
Q8ZKQ1,1TM2,Bacteria
P33905,1L3L,Bacteria
P76143,4P2V,Bacteria
O30595,2MPV,Bacteria
Q9X4L4,4OR1,Bacteria
P00779,1L4D,Bacteria
Q54972,2PMS,Bacteria
Q711B0,3ZRZ,Bacteria
P54656,1K4J,Bacteria
A0A090F1W4,6WNS,Bacteria
P0A8D6,1SPV,Bacteria
Q8Z1L1,3FHV,Bacteria
Q51380,4F1R,Bacteria
P54300,1JX6,Bacteria
P18177,7ML7,Bacteria
P0AA89,4ZVA,Bacteria
P46006,4PHX,Bacteria
H8W6K8,6M8M,Bacteria
Q9ZMY2,3NM4,Bacteria
H6A3H4,6AW2,Bacteria
P0AA89,4ZVE,Bacteria
O50835,4PZ5,Bacteria
P54507,5OF1,Bacteria
P08191,4X50,Bacteria
P14738,3CAL,Bacteria
P77588,6MAP,Bacteria
A0A0R4I961,3JWN,Bacteria
P08189,5IQO,Bacteria
P08190,5IQO,Bacteria
P31697,3JWN,Bacteria
P54300,2HJ9,Bacteria
P54302,2HJE,Bacteria
P27951,6V3P,Bacteria
Q9KKM5,6KJU,Bacteria
P38107,6IN7,Bacteria
Q06198,6IN7,Bacteria
P0AA25,5XOC,Bacteria
Q9KTH2,5V6F,Bacteria
A8AWJ3,5L2D,Bacteria
Q1ZS18,5EP2,Bacteria
Q6NCZ6,6WN0,Bacteria
A0A0H2Z7A6,6TPR,Bacteria
Q9I194,4BTH,Bacteria
A6QG59,3D5R,Bacteria
Q05097,4YWA,Bacteria
Q9HWU7,5CYL,Bacteria
M4NKV9,7S0Z,Bacteria
P04739,1PAO,Bacteria
Q9HUM0,6O1L,Bacteria
Q51380,6O1L,Bacteria
A0A655PXP1,6IDE,Bacteria
P0AEX9,5OSQ,Bacteria
A0A0J9X288,6W1A,Bacteria
P04128,2N7H,Bacteria
P08191,1ZE3,Bacteria
P04128,6S09,Bacteria
P31697,3BWU,Bacteria
P08189,3BWU,Bacteria
P08190,4J3O,Bacteria
Q9L8G8,5X3R,Bacteria
P77588,6MAW,Bacteria
P30130,3BWU,Bacteria
Q79LN3,6M3A,Bacteria
Q8GDI6,6GBH,Bacteria
B5Z8H1,6GBG,Bacteria
P39264,6SWH,Bacteria
A5HZZ4,4QD2,Bacteria
A5HZZ5,4QD2,Bacteria
A5HZZ6,4QD2,Bacteria
P31129,3TVK,Bacteria
P28307,6G8C,Bacteria
P0DJM0,2OMW,Bacteria
Q9HW69,4WXO,Bacteria
A0A0H2Z7A6,4JVI,Bacteria
Q8DW05,3K8U,Bacteria
P01552,2SEB,Bacteria
Q9HXT9,3I5C,Bacteria
Q2G2F3,4AE5,Bacteria
Q74FR4,3EZU,Bacteria
Q9KKZ8,3KLN,Bacteria
Q9KTI6,6U1P,Bacteria
P55407,2Q0O,Bacteria
P55408,2Q0O,Bacteria
P07026,4LGW,Bacteria
P45387,3SYJ,Bacteria
Q7CR56,5Y9H,Bacteria
Q8ZRK4,5Y9H,Bacteria
Q9X7H4,5J2Y,Bacteria
Q9HYN5,2JDK,Bacteria
P68799,2GOX,Bacteria
Q8P559,3QYY,Bacteria
Q05097,5D21,Bacteria
Q9I194,4WKT,Bacteria
Q9I5I4,5WYB,Bacteria
A4L9V2,4J4L,Bacteria
A1C3L3,3RGU,Bacteria
G3XDA8,4OMB,Bacteria
Q9KTH2,5V6C,Bacteria
P0ABE7,6LPL,Bacteria
P54507,5OF2,Bacteria
B2BKB1,3RKR,Bacteria
P75906,4P7Q,Bacteria
A0A0J9X1Z4,4PCV,Bacteria
A1YIY2,5IRB,Bacteria
A0A0H3LKK6,6AU1,Bacteria
A0A0D5YCX7,5VAW,Bacteria
P0AEX9,6LES,Bacteria
Q9KTG5,6U1Q,Bacteria
Q2G0L5,6LXS,Bacteria
A0A0H3AFX3,6PWK,Bacteria
Q9KTH2,5V6K,Bacteria
P0AEA2,6L7C,Bacteria
P14756,6F8B,Bacteria
A5HJW8,4U10,Bacteria
Q8CWB9,3QS2,Bacteria
Q8FKL3,3QS3,Bacteria
P0ACE3,2MW2,Bacteria
P0ACF8,2MW2,Bacteria
Q5HLN6,3KP6,Bacteria
P75906,4F9D,Bacteria
P76141,4L4Y,Bacteria
Q9I194,4M1J,Bacteria
Q9HZE5,5WFT,Bacteria
Q0GYW2,6Z0P,Bacteria
Q2G0L5,6LXH,Bacteria
O31779,6PRK,Bacteria
O34667,1YCL,Bacteria
O34412,6PRK,Bacteria
P0AEX9,6KI0,Bacteria
Q5HKE8,4FUP,Bacteria
P0AE82,4BIU,Bacteria
B4EUK6,6Y4E,Bacteria
A0A0H2WWL2,4BXI,Bacteria
A0A376KDN7,6QF7,Bacteria
Q9I4X0,6YIZ,Bacteria
Q46864,3HI2,Bacteria
Q46865,3HI2,Bacteria
P38507,3MZW,Bacteria
B4EKM5,5FUS,Bacteria
P72507,6COT,Bacteria
Q9KU27,1ZNO,Bacteria
Q99QI5,2I2J,Bacteria
O25743,2NQO,Bacteria
P06533,3ZKC,Bacteria
Q6XBY4,6FJY,Bacteria
Q8DW05,3VX4,Bacteria
P60242,6COS,Bacteria
Q05097,4LJH,Bacteria
Q51227,1K24,Bacteria
Q5HKQ1,2ZCM,Bacteria
Q9HYN5,3ZDV,Bacteria
B4EYH7,6H1Q,Bacteria
P0AE98,6L7C,Bacteria
P28307,6L7C,Bacteria
Q04112,6EVU,Bacteria
P15319,2J7L,Bacteria
O68212,3QDH,Bacteria
P01558,4P5H,Bacteria
Q9KW51,6E3F,Bacteria
A1C3L3,2X12,Bacteria
K7ZP88,3WPA,Bacteria
T0BMH6,6CGZ,Bacteria
Q05097,6YOH,Bacteria
P0CJ63,2BTN,Bacteria
A1YIY3,6X7Z,Bacteria
P9WMN3,2QKX,Bacteria
B4EV65,6H1X,Bacteria
P0AE98,7BRM,Bacteria
P0AEA2,7BRM,Bacteria
K7ZP88,3WQA,Bacteria
A0A0H2UUG0,4NSM,Bacteria
Q8DTF1,6CAM,Bacteria
Q9HXC7,4R0T,Bacteria
B2J066,5OL6,Bacteria
B2J821,5OL6,Bacteria
P74750,5OL5,Bacteria
O31697,2LZF,Bacteria
A0A384E0N5,5NY0,Bacteria
Q9I6W0,6K4E,Bacteria
P0ABE7,7BW0,Bacteria
Q4TVQ0,6T5I,Bacteria
A0A083ZJN8,5J9R,Bacteria
P40949,6QAY,Bacteria
Q3K751,5EUH,Bacteria
P06533,5TN0,Bacteria
Q840G9,1YHT,Bacteria
B2RHG5,6TNJ,Bacteria
Q8KRB4,2WOK,Bacteria
Q9WXS1,5KP9,Bacteria
A2W0S6,6DGN,Bacteria
C9XTL5,6DGN,Bacteria
G2J5T2,5Y2D,Bacteria
P71014,4BHU,Bacteria
O53780,6E5D,Bacteria
A0Q7W8,5UIC,Bacteria
P37659,6PCZ,Bacteria
P0DUB4,6WTS,Bacteria
V5T923,6WTS,Bacteria
P23308,5TMX,Bacteria
Q9HYN5,2JDP,Bacteria
H3REJ8,6TGF,Bacteria
P16952,2WOY,Bacteria
P75811,5X5I,Bacteria
Q5HCN2,3GEU,Bacteria
P07111,2XG4,Bacteria
P15319,2XG4,Bacteria
B2RH54,6JZK,Bacteria
Q2FUY3,6VHD,Bacteria
Q06277,4ITR,Bacteria
B2RH54,6KMF,Bacteria
Q4W6Y8,6JZJ,Bacteria
Q2G2B2,4WVE,Bacteria
Q9HYN5,1W8H,Bacteria
Q03155,4MEE,Bacteria
P0C0Q2,4JCN,Bacteria
P0AEX9,3W15,Bacteria
P0AAC8,1S98,Bacteria
P0DMC7,5W43,Bacteria
A0KNW4,6XI1,Bacteria
P06534,1LQ1,Bacteria
A0A0C2W9F0,4ZA6,Bacteria
Q8GF97,6SUP,Bacteria
Q8GF99,6SUP,Bacteria
P32557,1BED,Bacteria
Q8E0S9,3PF2,Bacteria
B2CKP3,6D7R,Bacteria
P0AE95,2NA4,Bacteria
P0AE98,6L7A,Bacteria
P0AEA2,6L7A,Bacteria
P0A790,5LS7,Bacteria
P37613,5LS7,Bacteria
A0A0H3AFM6,6EIB,Bacteria
P19909,6UYG,Bacteria
B2CKQ3,5L0X,Bacteria
Q9I0P9,5CHH,Bacteria
C9XTL5,6DGJ,Bacteria
P00323,7DDZ,Bacteria
A4IM41,7BM2,Bacteria
P07110,6CD2,Bacteria
P15319,1N0L,Bacteria
Q47450,6CD2,Bacteria
O69078,1VPZ,Bacteria
Q51380,4JG3,Bacteria
Q9I311,6R5R,Bacteria
Q72GL2,6XXE,Bacteria
P18177,7S0Y,Bacteria
A8AW49,4IGB,Bacteria
A0A3D7VE02,6R2M,Bacteria
Q46919,2HGK,Bacteria
T3D4G1,4PE2,Bacteria
A2SJH7,3PL0,Bacteria
P26926,1P5V,Bacteria
P26948,1P5V,Bacteria
P9WNK3,6J29,Bacteria
A0A0M0ELU2,7ALZ,Bacteria
B3V224,5D55,Bacteria
Q08JP6,5D55,Bacteria
Q9MCI8,2XQH,Bacteria
Q72JC0,6XXD,Bacteria
Q9I5I4,5WYD,Bacteria
P14756,6FZX,Bacteria
A0A2U2GZI4,6DT4,Bacteria
P37595,2ZAK,Bacteria
Q9I194,5UBL,Bacteria
E8RMD3,2M37,Bacteria
K0V2D8,5K21,Bacteria
C3LTH7,5G50,Bacteria
Q54875,6OH1,Bacteria
A0A0H3LTT0,6PCO,Bacteria
Q9LCB8,6ZD0,Bacteria
Q51918,1YMH,Bacteria
Q5SID9,1ODI,Bacteria
O32323,6S4D,Bacteria
C9E3B4,4TSH,Bacteria
O34656,2Q83,Bacteria
Q9REV4,5ENZ,Bacteria
A0A0H3JZ23,3T4A,Bacteria
Q48S75,4OFQ,Bacteria
Q8EII5,4D40,Bacteria
A0A5H1ZR38,6JCH,Bacteria
Q5ZXA3,4U65,Bacteria
Q09065,4HI0,Bacteria
Q09067,4HI0,Bacteria
Q2UWK0,6LEB,Bacteria
O33839,3O0Q,Bacteria
P11652,3REQ,Bacteria
P11653,3REQ,Bacteria
P18774,6BBK,Bacteria
A0A140N6W0,4P3Y,Bacteria
B0V5X3,4P3Y,Bacteria
P9WG29,3EO5,Bacteria
P16952,2WD6,Bacteria
P09616,7O1Q,Bacteria
Q886S7,3I5A,Bacteria
P39333,5Z2L,Bacteria
Q9KJN4,6IS2,Bacteria
A0A087WNH6,4LVC,Bacteria
P0AE08,5B8B,Bacteria
P0C805,5KGY,Bacteria
A0A023DFE8,6N9R,Bacteria
Q5HKZ1,4HBL,Bacteria
A7XNI2,3O5T,Bacteria
P70731,3O5T,Bacteria
Q93AT8,2W03,Bacteria
P11470,1FSE,Bacteria
Q3KK32,4U65,Bacteria
A0A0H2ZE85,5A6Z,Bacteria
O66044,7AKV,Bacteria
Q2VSW6,5HM6,Bacteria
B1KIH6,6WQE,Bacteria
P09391,5F5J,Bacteria
P0C7Y1,5KHB,Bacteria
P0A9R4,1I7H,Bacteria
O31779,2PIH,Bacteria
Q5ZWF6,6DM4,Bacteria
P43133,5ONP,Bacteria
P00800,5ONR,Bacteria
Q9Z4N7,6ORI,Bacteria
T0D7A2,5U34,Bacteria
Q6GFB4,6RUR,Bacteria
A3FJ64,4J5H,Bacteria
P19809,1F02,Bacteria
O31671,4JGQ,Bacteria
Q20HX4,2HJD,Bacteria
H9BRQ4,5KGZ,Bacteria
P21340,1TIQ,Bacteria
Q9KWH9,1F02,Bacteria
A0A4Y1WAP5,5IAT,Bacteria
A0A014C6J9,6BR7,Bacteria
D0C9D6,2NAZ,Bacteria
P55980,5X7B,Bacteria
A0A140DJY3,5WM2,Bacteria
P76010,5Y6F,Bacteria
Q8Y982,6EP3,Bacteria
P37182,1CFZ,Bacteria
Q8PND9,3CNR,Bacteria
Q7CR49,2MA4,Bacteria
Q7CR88,2MA8,Bacteria
Q8ZPL1,2M2J,Bacteria
Q8CM62,4TQX,Bacteria
A0A0G3E2X5,6VFN,Bacteria
P37657,6TJ0,Bacteria
Q99ZW2,4UN3,Bacteria
A4Y6G1,5O7H,Bacteria
A4Y6G2,5O7H,Bacteria
A4Y6G3,5O7H,Bacteria
Q931M7,6RUV,Bacteria
G3XDA8,4PQJ,Bacteria
B2RHG4,5DHM,Bacteria
Q51451,2C23,Bacteria
Q3KK31,3PJW,Bacteria
Q9R8E4,3GCG,Bacteria
P26281,1RTZ,Bacteria
P0A0M0,1HXY,Bacteria
O52623,1GZS,Bacteria
O30916,4DID,Bacteria
P30131,1GXT,Bacteria
P0AEV9,2I8L,Bacteria
B9KBK7,3QQ5,Bacteria
P71002,4I9C,Bacteria
Q2G2U4,5IS1,Bacteria
X5E0F1,7MCL,Bacteria
Q6X2Y9,6Y87,Bacteria
A1C3L3,2KUB,Bacteria
O50608,5ZH8,Bacteria
P0AAB4,5M1E,Bacteria
Q04IN8,4ZGH,Bacteria
A0A022MRT4,6TM4,Bacteria
Q9X9I8,2FN1,Bacteria
P00268,6GPX,Bacteria
P9WGR1,6GH1,Bacteria
Q746M7,3F73,Bacteria
P23827,1XX9,Bacteria
C7NBY4,5XWY,Bacteria
Q47PI4,3WVO,Bacteria
P76632,5H9F,Bacteria
Q46897,5H9F,Bacteria
Q46898,5H9F,Bacteria
Q46899,5H9F,Bacteria
Q46901,5H9F,Bacteria
P0AAM3,2OT2,Bacteria
P08407,1N0L,Bacteria
P42191,1N12,Bacteria
A1B2F3,5W57,Bacteria
Q47PJ1,5U0A,Bacteria
Q47PJ2,5U0A,Bacteria
Q47PJ3,5U0A,Bacteria
Q47PJ4,5U0A,Bacteria
Q47PJ5,5U0A,Bacteria
O34928,1NY1,Bacteria
Q81D71,3KPT,Bacteria
O25743,2QMC,Bacteria
Q9I184,6CUL,Bacteria
V5VB82,6W72,Bacteria
Q72F88,2Z1T,Bacteria
Q5ZXA4,4FGO,Bacteria
Q8DTF1,5UQZ,Bacteria
P24193,2I6R,Bacteria
P39135,4MRT,Bacteria
O30409,4MRT,Bacteria
Q04LZ5,3ZLB,Bacteria
U2UMQ6,5KK5,Bacteria
P04127,5FLU,Bacteria
P05102,2ZCJ,Bacteria
Q5I6B0,3ETX,Bacteria
P82903,1CNO,Bacteria
P18010,5NL1,Bacteria
Q59393,3S0T,Bacteria
P0A2M9,2Q8Y,Bacteria
P38507,5X3F,Bacteria
P42588,5X3F,Bacteria
P23024,1OQV,Bacteria
P01558,6AKF,Bacteria
Q5SBM0,5JBE,Bacteria
V5YM14,3WOO,Bacteria
P02973,1OQW,Bacteria
Q5SJH5,2DOG,Bacteria
P0AA25,6GDG,Bacteria
A0A0F6C2F5,4Q79,Bacteria
I1ZPA1,5HEC,Bacteria
A0A0H2VJZ8,4KDP,Bacteria
Q7VTL8,4UIQ,Bacteria
P02358,7OE0,Bacteria
A0A140UH97,4XOE,Bacteria
A0A454AB91,4XOC,Bacteria
P0ABE7,6OS0,Bacteria
P01552,1SEB,Bacteria
A0A0F6AZI6,6GGR,Bacteria
Q09066,4HI0,Bacteria
P77188,5DFK,Bacteria
A1JUB7,2LME,Bacteria
P00509,5VWQ,Bacteria
P40869,3LM6,Bacteria
A0A0H3JHA1,2RB9,Bacteria
I6Y9J2,7A1C,Bacteria
P66032,3LQU,Bacteria
P08245,1D1R,Bacteria
A0A0U1RIH2,2OPE,Bacteria
B3FNT1,4S3L,Bacteria
P66038,3MK3,Bacteria
Q9HUK6,3HV9,Bacteria
P80725,6HV1,Bacteria
P9WQP1,5TS1,Bacteria
P9WJJ5,6BUV,Bacteria
Q9I4L6,6IKJ,Bacteria
A0A5F1E8X4,7OE1,Bacteria
E3PL00,7OE1,Bacteria
C3SSQ8,7OE0,Bacteria
P02359,7OE0,Bacteria
Q6NK05,4HSS,Bacteria
A6LW07,5XSJ,Bacteria
A6LW08,5XSJ,Bacteria
P43261,5G26,Bacteria
Q9HUI5,5YLO,Bacteria
O66465,5CKR,Bacteria
P0DJ89,2KXC,Bacteria
Q88ND3,4O8V,Bacteria
C4IN73,5O68,Bacteria
Q9HVN7,2MHJ,Bacteria
Q60153,3HRV,Bacteria
A0A087LGV4,6Z2B,Bacteria
O66837,3FJP,Bacteria
P75884,2IN5,Bacteria
P39805,1L1C,Bacteria
P02975,3SOK,Bacteria
P96116,1K0F,Bacteria
Q5SLE7,4ODR,Bacteria
B2FHL8,7FHU,Bacteria
P0A9K9,5I7P,Bacteria
Q5NWP0,6H9I,Bacteria
Q3J125,4P02,Bacteria
Q3J126,4P02,Bacteria
Q53079,2H6J,Bacteria
Q53080,2H6J,Bacteria
P30960,1KNG,Bacteria
P35160,1ST9,Bacteria
P25006,6GBB,Bacteria
Q9I325,2XCB,Bacteria
O50280,2XCB,Bacteria
P37765,4LAB,Bacteria
Q9KGD7,7K9D,Bacteria
P9WMR3,2R5U,Bacteria
Q9K129,5EDJ,Bacteria
Q08840,5EDF,Bacteria
P0AEY0,4MY2,Bacteria
P60495,2ZP2,Bacteria
P0AFK0,5NJA,Bacteria
P0AGG8,5NJA,Bacteria
A0A437SL45,6VFM,Bacteria
O05926,5Z50,Bacteria
Q8X5S3,2E2E,Bacteria
Q99RL1,4P1X,Bacteria
A0A0H3JX61,4P1X,Bacteria
P95434,2UWJ,Bacteria
P95435,2UWJ,Bacteria
Q9I317,2UWJ,Bacteria
O53649,3ZUK,Bacteria
P9WNS1,2C82,Bacteria
P05102,2Z6U,Bacteria
P37765,4LGT,Bacteria
A0A5S8WF83,6PIG,Bacteria
A0A5S8WF87,6PIJ,Bacteria
A0A5S8WF89,6PIJ,Bacteria
A0A5S8WF90,6PIG,Bacteria
A0A5S8WF91,6PIG,Bacteria
Q93R11,2PEX,Bacteria
P0A9B2,2VYN,Bacteria
P05519,4MOA,Bacteria
A0A0H2UNM7,2X9X,Bacteria
L3BXG0,6O7K,Bacteria
L3PZ69,6O7K,Bacteria
U9ZNW8,6O7K,Bacteria
A0A080IK26,6O7K,Bacteria
A0A090BZT4,6O7K,Bacteria
A0A376HTV6,6O7K,Bacteria
A0A1X3KX08,6O7K,Bacteria
D8A1L7,6O7K,Bacteria
D7XN21,6O7K,Bacteria
P0A7R9,6O9J,Bacteria
P0AEX9,6V2E,Bacteria
Q83TD2,4ON0,Bacteria
Q9HUK6,3HV8,Bacteria
P18177,6C0B,Bacteria
Q6XBY7,6FQA,Bacteria
Q9ZB78,4XNG,Bacteria
P0A071,3B07,Bacteria
A0A0H3JX61,3B07,Bacteria
P0ABE7,6WW2,Bacteria
P19573,6RL0,Bacteria
P9WKJ7,4YPO,Bacteria
Q45001,5NBQ,Bacteria
P00509,5VWR,Bacteria
Q6IV62,3RNA,Bacteria
Q6IV65,3RNA,Bacteria
Q6IV66,3RNA,Bacteria
P73407,3GV2,Bacteria
Q6NB62,2QSI,Bacteria
C6UYL8,2YKT,Bacteria
Q9X721,5IKU,Bacteria
P0C2E9,2BK2,Bacteria
P19415,6OVB,Bacteria
V5VHN7,6UDS,Bacteria
A0A1K1L6W4,6NRP,Bacteria
A0A219C8F5,6UUT,Bacteria
A0A0H3C9J4,5YIX,Bacteria
Q9KGD7,7K9B,Bacteria
P26926,1Z9S,Bacteria
P26948,1Z9S,Bacteria
Q6XBY4,6FQA,Bacteria
P9WJF1,4KW5,Bacteria
A0A0H3JUX1,2NOJ,Bacteria
Q8ZRK4,2CO2,Bacteria
P0DJ89,2LNH,Bacteria
O66837,3EFR,Bacteria
O85805,6OWK,Bacteria
P9WPC3,6VGQ,Bacteria
P9WPC5,6VGQ,Bacteria
C0VN42,3UE3,Bacteria
B7UM99,2CIA,Bacteria
Q8Y9T5,4CIH,Bacteria
P66032,3LS6,Bacteria
B2RKU3,5OLJ,Bacteria
Q931M7,3OHX,Bacteria
C2M2E7,5WTL,Bacteria
Q5SIZ3,4BHR,Bacteria
Q5SII9,4BHQ,Bacteria
A0A0H2UNT6,5MKC,Bacteria
P9WPE7,1SJP,Bacteria
O86089,1GHD,Bacteria
A1DRD5,3NQX,Bacteria
P0A0L5,3BVG,Bacteria
F9UST1,6BWQ,Bacteria
P0AEU7,1SG2,Bacteria
P77667,2D2A,Bacteria
P9WJ61,4KT8,Bacteria
A0A140EEF9,6FBM,Bacteria
Q8DNV6,2AM1,Bacteria
Q746M7,3DLH,Bacteria
P9WFF7,4ONC,Bacteria
A4VVQ2,3O03,Bacteria
Q02H15,3BJZ,Bacteria
Q9HVZ0,1X92,Bacteria
P06716,1CII,Bacteria
A0A5S8WF77,6PIF,Bacteria
A0A5S8WF78,6PIF,Bacteria
A0A5S8WF79,6PIF,Bacteria
A0A5S8WF81,6PIF,Bacteria
P9WN39,1HTQ,Bacteria
P0AEM0,5I7Q,Bacteria
Q44790,4BOD,Bacteria
Q8ZRK3,2CO6,Bacteria
P18477,3UXF,Bacteria
B3BM80,4ZQW,Bacteria
B3BM81,4ZQW,Bacteria
A0A0H3B0B8,4ZQU,Bacteria
A0A0R4I987,4ZQU,Bacteria
Q183J3,7RFK,Bacteria
P0A1C1,6N6Z,Bacteria
Q8DMK2,6MEC,Bacteria
P63224,2I2W,Bacteria
A0A0H3CAV3,5YIX,Bacteria
Q9FD73,3QT8,Bacteria
Q02RL6,5WYQ,Bacteria
P0AF28,1JE8,Bacteria
A0A5S8WF82,6PIG,Bacteria
A0A5S8WF84,6PIG,Bacteria
Q5SHR6,5XJ0,Bacteria
Q8RQE7,5XJ0,Bacteria
Q8RQE8,5XJ0,Bacteria
Q8RQE9,5XJ0,Bacteria
Q5SKW1,5XJ0,Bacteria
Q5SLE7,4ODQ,Bacteria
P0A7V0,6O9J,Bacteria
O34844,5HS7,Bacteria
Q9S036,4BOB,Bacteria
Q6NF81,3HR6,Bacteria
P0A940,3Q6B,Bacteria
P02358,6O9J,Bacteria
P02359,6O9J,Bacteria
P0A7R5,6O9J,Bacteria
P0A7S3,6O9J,Bacteria
P0A7S9,6O9J,Bacteria
P0A7T3,6O9J,Bacteria
P0A7T7,6O9J,Bacteria
P0A7U3,6O9J,Bacteria
P0A7U7,6O9J,Bacteria
P0A7V3,6O9J,Bacteria
P0A7V8,6O9J,Bacteria
P0A7W1,6O9J,Bacteria
P0A7W7,6O9J,Bacteria
P0A7X3,6O9J,Bacteria
P0ADZ4,6O9J,Bacteria
P0AG59,6O9J,Bacteria
P0AG63,6O9J,Bacteria
P39286,4A2I,Bacteria
P68679,6O9J,Bacteria
P0A6P9,6BFZ,Bacteria
Q7WZI1,2ZTB,Bacteria
Q3J125,4P00,Bacteria
Q3J126,4P00,Bacteria
Q5FL96,4IA5,Bacteria
G1UB44,2XN1,Bacteria
P02931,1MPF,Bacteria
Q9RC92,2FV0,Bacteria
Q6GJI9,4HLC,Bacteria
Q2FWN9,5K59,Bacteria
Q2FWP0,5K59,Bacteria
P43889,2VD4,Bacteria
A0Q7Q2,5MGA,Bacteria
Q9KL26,6IOV,Bacteria
P42321,3HB6,Bacteria
P69411,6T1W,Bacteria
Q93I73,5AX6,Bacteria
Q5NGF6,3SOJ,Bacteria
P21179,1GGF,Bacteria
P13423,7O85,Bacteria
P44859,2GKE,Bacteria
P0A7D4,1CH8,Bacteria
Q99ZW2,5F9R,Bacteria
P69441,5EJE,Bacteria
O34800,3O6Q,Bacteria
O34853,3O6Q,Bacteria
P26497,6SDK,Bacteria
P19909,6HKA,Bacteria
P29600,1GCI,Bacteria
Q51669,1XA8,Bacteria
O87798,2RDB,Bacteria
O87799,2RDB,Bacteria
O87802,2RDB,Bacteria
P0A6L2,3C0J,Bacteria
Q846V4,1NU7,Bacteria
P23694,5D7W,Bacteria
Q51480,6TV2,Bacteria
A0A0C5XKJ0,6D0H,Bacteria
A0A0C5XL88,6D0H,Bacteria
Q9X2A8,4URS,Bacteria
Q9I420,3QEC,Bacteria
Q9XCU0,1DUW,Bacteria
P0A9G8,1B9N,Bacteria
E2PZ87,4NTD,Bacteria
P02413,6GC4,Bacteria
P0A7K6,6GC4,Bacteria
P0A7L3,6GC4,Bacteria
P0A7M6,6GC4,Bacteria
P0A7N4,6GC4,Bacteria
P0A7P5,6GC4,Bacteria
P0AA10,6GC4,Bacteria
P0ADY3,6GC4,Bacteria
P0ADZ0,6GC4,Bacteria
P0AG44,6GC4,Bacteria
P0AG48,6GC4,Bacteria
P0AG51,6GC4,Bacteria
P60438,6GC4,Bacteria
P60624,6GC4,Bacteria
P60723,6GC4,Bacteria
P61175,6GC4,Bacteria
P0A7L8,6GC4,Bacteria
P0A7M2,6GC4,Bacteria
P0A7N9,6O9J,Bacteria
P0A7Q1,6O9J,Bacteria
P0A7R1,6GC4,Bacteria
P0AG55,6GC4,Bacteria
P0C018,6GC4,Bacteria
P60422,6GC4,Bacteria
P62399,6GC4,Bacteria
P68919,6GC4,Bacteria
P18011,5WKQ,Bacteria
P29396,1DD4,Bacteria
P0AFG6,2WXC,Bacteria
C5HV10,6HNN,Bacteria
P9WGR1,6EP8,Bacteria
Q8YQW3,4XSO,Bacteria
P16480,2C9K,Bacteria
P09167,5JZW,Bacteria
D0CAD5,6AHE,Bacteria
O33272,4JR6,Bacteria
Q2G0X7,5D3I,Bacteria
O34816,3ZQD,Bacteria
P0A705,6O9K,Bacteria
P0A7J3,6O9K,Bacteria
P0A7J7,6O9J,Bacteria
P0A7Q6,6O9J,Bacteria
P0ADY7,6O9J,Bacteria
P0A7M9,6O9J,Bacteria
Q8PET6,4PMY,Bacteria
Q5SBM0,5JBD,Bacteria
A0A140DJY3,5WM5,Bacteria
Q03513,6HBC,Bacteria
C6FX40,4ZA1,Bacteria
Q8EF93,3D3R,Bacteria
P09616,4YHD,Bacteria
Q819Z6,3MCU,Bacteria
A0A0J9X1Z2,4P24,Bacteria
Q9X2D0,5AN6,Bacteria
P9WG29,4KPM,Bacteria
A0A6L7HNW1,4RWR,Bacteria
O85465,1HF6,Bacteria
P46881,1RJO,Bacteria
B3PD52,6HAA,Bacteria
P06575,5FOZ,Bacteria
P10565,5FOZ,Bacteria
Q9X0Z6,5FEP,Bacteria
P37553,5MSL,Bacteria
H9BRQ7,6NIV,Bacteria
Q9HXQ1,6JKI,Bacteria
Q7CPW9,6G96,Bacteria
Q83WG3,2Z3T,Bacteria
P28720,4L56,Bacteria
Q65D11,3VOT,Bacteria
O67504,2ZXY,Bacteria
Q9HWH2,2IP2,Bacteria
P0A910,2MQE,Bacteria
Q7SIA3,1QNI,Bacteria
P68802,1C79,Bacteria
Q81AN8,6WA1,Bacteria
P07649,1DJ0,Bacteria
W8QCH3,4US5,Bacteria
O31687,3ERW,Bacteria
P0A790,1AW8,Bacteria
P04189,1SCJ,Bacteria
P37595,1JN9,Bacteria
O87899,1YX3,Bacteria
Q8NP73,5H2G,Bacteria
P10724,3UW6,Bacteria
A0A140UHA7,4Y0W,Bacteria
Q97MC0,3TVI,Bacteria
P0AEG4,6BQX,Bacteria
T1SF45,4V2P,Bacteria
M1E1G6,6ZZ8,Bacteria
R7KI85,7D1E,Bacteria
Q8A4P9,7D1D,Bacteria
O87703,1B04,Bacteria
P54471,6Q56,Bacteria
P06136,6H9O,Bacteria
Q9XB61,1Q19,Bacteria
Q07982,1EVJ,Bacteria
Q3HV58,7EDD,Bacteria
Q0SWL7,7D6P,Bacteria
Q46864,2KZ8,Bacteria
P97030,5D0A,Bacteria
A0A1Q3QTC5,7D18,Bacteria
A0A225DNX9,7D1B,Bacteria
Q328D2,7AYE,Bacteria
P36649,6IM9,Bacteria
Q93SQ1,6GN8,Bacteria
Q9HUT5,5XBT,Bacteria
O32727,1L0O,Bacteria
O32728,1L0O,Bacteria
Q31NB2,6HBC,Bacteria
Q31NB3,6HBC,Bacteria
P00259,1OQR,Bacteria
Q9HWG9,2RGJ,Bacteria
Q03133,1KEZ,Bacteria
Q6NJJ0,4PQ1,Bacteria
A0A5H1ZR43,6JX3,Bacteria
Q47QT5,6JX3,Bacteria
P0ABT2,7AQS,Bacteria
H0USY9,4A56,Bacteria
P20440,4A56,Bacteria
Q46041,1FR1,Bacteria
P9WPY9,3BUE,Bacteria
A0A3W2RZ19,6SK0,Bacteria
Q8XNW0,4D70,Bacteria
B5GLC0,3GMY,Bacteria
C4IN73,6FUE,Bacteria
P72065,4OZ6,Bacteria
D3T7F1,4WCX,Bacteria
F9UST0,7MJ0,Bacteria
P67682,6ZHL,Bacteria
P50597,1R6M,Bacteria
P09545,3O44,Bacteria
P9WPA5,3NBA,Bacteria
P06653,1H8G,Bacteria
Q9KQH7,3RRO,Bacteria
A0A0F6AQU1,5JIS,Bacteria
P14677,2Z2L,Bacteria
A0A0H2ZF87,5GM8,Bacteria
A0A072ZPM2,5GM8,Bacteria
Q9I4E3,3RHY,Bacteria
P24670,4UIO,Bacteria
P39800,3HMB,Bacteria
P0A988,4K3M,Bacteria
Q9I788,6GNN,Bacteria
P11797,3WD1,Bacteria
P07788,4YVN,Bacteria
Q18CL6,5I1T,Bacteria
Q93AT8,2X3J,Bacteria
Q9KQH7,5END,Bacteria
A0A0P7EF65,5NWY,Bacteria
P02358,5NWY,Bacteria
P02359,5NWY,Bacteria
P02413,5NWY,Bacteria
P0A7J7,5NWY,Bacteria
P0A7K6,5NWY,Bacteria
P0A7L3,5NWY,Bacteria
P0A7L8,5NWY,Bacteria
P0A7M2,5NWY,Bacteria
P0A7M6,5NWY,Bacteria
P0A7M9,5NWY,Bacteria
P0A7N4,5NWY,Bacteria
P0A7N9,5NWY,Bacteria
P0A7P5,5NWY,Bacteria
P0A7Q1,5NWY,Bacteria
P0A7Q6,5NWY,Bacteria
P0A7R1,5NWY,Bacteria
P0A7R5,5NWY,Bacteria
P0A7R9,5NWY,Bacteria
P0A7S3,5NWY,Bacteria
P0A7S9,5NWY,Bacteria
P0A7T3,5NWY,Bacteria
P0A7T7,5NWY,Bacteria
P0A7U3,5NWY,Bacteria
P0A7U7,5NWY,Bacteria
P0A7V0,5NWY,Bacteria
P0A7V3,5NWY,Bacteria
P0A7V8,5NWY,Bacteria
P0A7W1,5NWY,Bacteria
P0A7W7,5NWY,Bacteria
P0A7X3,5NWY,Bacteria
P0AA10,5NWY,Bacteria
P0ADY3,5NWY,Bacteria
P0ADY7,5NWY,Bacteria
P0ADZ0,5NWY,Bacteria
P0ADZ4,5NWY,Bacteria
P0AG44,5NWY,Bacteria
P0AG48,5NWY,Bacteria
P0AG51,5NWY,Bacteria
P0AG55,5NWY,Bacteria
P0AG59,5NWY,Bacteria
P0AG63,5NWY,Bacteria
P0C018,5NWY,Bacteria
P60422,5NWY,Bacteria
P60438,5NWY,Bacteria
P60624,5NWY,Bacteria
P60723,5NWY,Bacteria
P61175,5NWY,Bacteria
P62399,5NWY,Bacteria
P68679,5NWY,Bacteria
P68919,5NWY,Bacteria
Q9HTL4,4X6G,Bacteria
P76318,6KBU,Bacteria
A0A0M3KL14,4Y4Q,Bacteria
P02417,1CQU,Bacteria
Q939D2,5SX2,Bacteria
Q3JNW6,5SX2,Bacteria
Q9LCB8,4BIK,Bacteria
Q9X0Z6,5FF3,Bacteria
P13423,3TEW,Bacteria
Q9I4L5,4IOB,Bacteria
Q75WP3,2CWS,Bacteria
F9UST0,7MJ1,Bacteria
Q97R46,1HM0,Bacteria
P06653,1HCX,Bacteria
Q7SIE4,2V0C,Bacteria
Q8XP10,5XCB,Bacteria
Q0SWL8,6IXY,Bacteria
Q8P8M4,3MBR,Bacteria
Q8YQW3,4XSR,Bacteria
P32099,1X2G,Bacteria
P9WJ72,4OKJ,Bacteria
Q01565,4K0U,Bacteria
Q01567,4K0U,Bacteria
P0A790,4AZD,Bacteria
P74750,1ZD7,Bacteria
P9WNR7,3X3N,Bacteria
W5WHY8,5M6Q,Bacteria
P0AEG4,5QKN,Bacteria
Q9JXC6,3W1O,Bacteria
A8ULG6,4H56,Bacteria
P0A2W6,1FTF,Bacteria
P77335,6MRU,Bacteria
Q46041,1FR6,Bacteria
Q2PHL4,3LEI,Bacteria
I6WZS4,6DGB,Bacteria
P0AGF2,1NI7,Bacteria
Q6XQ58,2I8U,Bacteria
Q9ZHG9,1ELQ,Bacteria
P26994,2YJL,Bacteria
P0AEG4,6PVY,Bacteria
A0A4Y1WAP5,5HV0,Bacteria
P69786,3BP8,Bacteria
P95803,3K3P,Bacteria
O66874,2OQO,Bacteria
P32557,4DVC,Bacteria
P96622,4ME7,Bacteria
P9WFZ5,5GVX,Bacteria
A0A377LA80,6SJL,Bacteria
A0A3W2RZ19,6SJL,Bacteria
A6TBN1,6K63,Bacteria
A0A0J9X241,4UME,Bacteria
P39912,5GMU,Bacteria
P01558,3ZIW,Bacteria
A0A380PV03,7CYG,Bacteria
Q5F5Y8,5WAM,Bacteria
Q5F9W0,5WAQ,Bacteria
P37757,1SDJ,Bacteria
Q2FV99,6R1V,Bacteria
O54438,4AG3,Bacteria
Q06851,1AOH,Bacteria
P0A6H1,2DS7,Bacteria
P0AFZ3,2DS8,Bacteria
P0A3S0,4JW3,Bacteria
B8ZKS5,7BZJ,Bacteria
B5GLC0,3GMX,Bacteria
Q9KJ90,3GMW,Bacteria
P35804,3GMU,Bacteria
P09883,4JML,Bacteria
B2HIZ6,4B55,Bacteria
P23827,1IFG,Bacteria
Q47038,2AXW,Bacteria
P0DQD2,4AW4,Bacteria
P02413,6ENU,Bacteria
P0A7K6,6ENU,Bacteria
P0A7L3,6ENU,Bacteria
P0A7L8,6ENU,Bacteria
P0A7M2,6ENU,Bacteria
P0A7M6,6ENU,Bacteria
P0A7N4,6ENU,Bacteria
P0A7N9,6ENU,Bacteria
P0A7P5,6ENU,Bacteria
P0A7Q1,6ENU,Bacteria
P0A7R1,6ENU,Bacteria
P0AA10,6ENU,Bacteria
P0ADY3,6ENU,Bacteria
P0ADY7,6ENU,Bacteria
P0ADZ0,6ENU,Bacteria
P0AG44,6ENU,Bacteria
P0AG48,6ENU,Bacteria
P0AG51,6ENU,Bacteria
P0AG55,6ENU,Bacteria
P0C018,6ENU,Bacteria
P60422,6ENU,Bacteria
P60438,6ENU,Bacteria
P60624,6ENU,Bacteria
P60723,6ENU,Bacteria
P61175,6ENU,Bacteria
P62399,6ENU,Bacteria
P68919,6ENU,Bacteria
Q2PHL4,3LEG,Bacteria
P22629,2WPU,Bacteria
O53512,2W19,Bacteria
P9WIC1,2W19,Bacteria
P13423,3TEY,Bacteria
P43379,1KCL,Bacteria
A0A1S2VYK0,6HUS,Bacteria
P0AC69,1YKA,Bacteria
Q53752,3DH2,Bacteria
Q2PS28,2PWF,Bacteria
Q9RC92,2FUZ,Bacteria
D3VMM1,4KVZ,Bacteria
O52582,1YQZ,Bacteria
Q9XBQ8,2A5H,Bacteria
Q7SIE4,2V0G,Bacteria
P42624,2VEC,Bacteria
P0A790,1PQH,Bacteria
P32099,1X2H,Bacteria
P9WJ72,4OKE,Bacteria
P45748,2MX1,Bacteria
P84253,6GU5,Bacteria
P84308,6GU5,Bacteria
P74750,1ZDE,Bacteria
P9WNR7,3X3M,Bacteria
A0LU48,5LRT,Bacteria
P00469,1TDA,Bacteria
P0A7I7,2BZ1,Bacteria
P0AG74,1Q8R,Bacteria
I6Y9J2,5LBG,Bacteria
Q8DR59,2C5W,Bacteria
Q9X2A4,2BTY,Bacteria
Q5ZTK4,6G0C,Bacteria
P33247,1GSZ,Bacteria
P42216,1GQ9,Bacteria
Q5FAJ3,6YKQ,Bacteria
P0DPC3,2JPP,Bacteria
D1CGD0,4Q2C,Bacteria
O05155,2B7L,Bacteria
Q2G2X2,2B7L,Bacteria
Q84AR1,2RFV,Bacteria
C3L5T6,2QTR,Bacteria
P25081,5ZVR,Bacteria
P9WN95,5ZUE,Bacteria
Q02169,1EXC,Bacteria
Q5HEB7,2I87,Bacteria
Q07296,4FE2,Bacteria
P0AD49,1N3G,Bacteria
Q5SHZ3,6U1K,Bacteria
P9WG73,5Z9Y,Bacteria
B4E5F5,2Y5J,Bacteria
P9WJJ3,3SEQ,Bacteria
L0T911,6KGH,Bacteria
P0A2C9,6T7M,Bacteria
P96621,4ME7,Bacteria
Q5H614,4L1K,Bacteria
A6TBJ8,6JYY,Bacteria
W9BB97,6K28,Bacteria
P9WPQ9,2WTL,Bacteria
Q8EHE6,6JI1,Bacteria
Q79FX8,2FK7,Bacteria
Q9L1K2,4U2Z,Bacteria
P05102,1SVU,Bacteria
P39593,1C3Q,Bacteria
P17952,2F00,Bacteria
P59655,2VEF,Bacteria
O07347,1RJ9,Bacteria
P83749,1RJ9,Bacteria
A5PHA6,3GMW,Bacteria
P9WPG7,6H59,Bacteria
P60340,1R3F,Bacteria
P9WG59,2D1F,Bacteria
O66465,4J72,Bacteria
P49051,6QX4,Bacteria
D0C9L6,5Y98,Bacteria
Q93RE7,2OKX,Bacteria
Q9L6G4,2W38,Bacteria
Q9HXM5,4DQW,Bacteria
P00268,6IIV,Bacteria
P0ABE7,6IIV,Bacteria
P02358,6ENU,Bacteria
P02359,6ENU,Bacteria
P06992,3TPZ,Bacteria
P0A7R5,6ENU,Bacteria
P0A7R9,6ENU,Bacteria
P0A7S3,6ENU,Bacteria
P0A7S9,6ENU,Bacteria
P0A7T3,6ENU,Bacteria
P0A7T7,6ENU,Bacteria
P0A7U3,6ENU,Bacteria
P0A7U7,6ENU,Bacteria
P0A7V0,6ENU,Bacteria
P0A7V3,6ENU,Bacteria
P0A7V8,6ENU,Bacteria
P0A7W1,6ENU,Bacteria
P0A7W7,6ENU,Bacteria
P0A7X3,6ENU,Bacteria
P0ADZ4,6ENU,Bacteria
P0AG59,6ENU,Bacteria
P0AG63,6ENU,Bacteria
P68679,6ENU,Bacteria
P28720,7APL,Bacteria
P9WIL5,2A7X,Bacteria
Q6XQ58,2I8T,Bacteria
Q5KVJ9,2FCJ,Bacteria
A0A0H2XEV3,6TV1,Bacteria
P15555,1MPL,Bacteria
P0A6L2,3I7R,Bacteria
P0A6N4,6ENU,Bacteria
P0A7L0,6ENU,Bacteria
P0A7M9,6ENU,Bacteria
P0A7Q6,6ENU,Bacteria
P0A988,4K3O,Bacteria
P69924,1YFD,Bacteria
Q5F881,2H1O,Bacteria
Q5F882,2H1O,Bacteria
Q9I774,5HFI,Bacteria
Q59721,2DSA,Bacteria
P03023,1CJG,Bacteria
A3DC29,1KWF,Bacteria
G8XR50,4TVD,Bacteria
P31224,3NOG,Bacteria
Q7DD77,2IVW,Bacteria
Q0SWL7,7D6T,Bacteria
P77499,2ZU0,Bacteria
P77689,2ZU0,Bacteria
P9WHJ3,3IFJ,Bacteria
P08506,3IT9,Bacteria
P75825,7DE4,Bacteria
Q9KS12,3FZY,Bacteria
P19938,5DAA,Bacteria
Q9HTN2,2BUF,Bacteria
P9WID5,4O1G,Bacteria
P75063,4X9N,Bacteria
P50456,3BP8,Bacteria
L0T911,6KGU,Bacteria
P0AEK4,1DFI,Bacteria
P39912,5GO2,Bacteria
Q8GJ95,6JQ8,Bacteria
P9WJL3,2WTZ,Bacteria
P9WFA5,6A7V,Bacteria
P9WLU3,6A7V,Bacteria
Q72WF7,7KHA,Bacteria
Q72WF8,7KHA,Bacteria
Q72WF9,7KHA,Bacteria
W9BNU9,6H9X,Bacteria
Q9WZW0,1R3E,Bacteria
P00268,5VBL,Bacteria
P37344,4QNM,Bacteria
P66937,6FQS,Bacteria
Q99XG5,6FQS,Bacteria
P9WJJ3,3SYT,Bacteria
P04395,3OGD,Bacteria
Q9I4X1,5DWZ,Bacteria
Q9I4X2,5DWZ,Bacteria
Q9Z9H6,3EQL,Bacteria
Q8RQE7,2A69,Bacteria
Q8RQE8,2A69,Bacteria
Q8RQE9,2A69,Bacteria
Q5SKW1,2A69,Bacteria
P0ADJ3,6YBB,Bacteria
P0DP92,6YBB,Bacteria
P37657,6YBB,Bacteria
P00490,2AZD,Bacteria
P0AES0,2IO9,Bacteria
P62395,2N62,Bacteria
O31742,5NJT,Bacteria
O34687,5NJT,Bacteria
P04969,5NJT,Bacteria
P05647,5NJT,Bacteria
P05657,5NJT,Bacteria
P0CI78,5NJT,Bacteria
P12873,5NJT,Bacteria
P12874,5NJT,Bacteria
P12875,5NJT,Bacteria
P12877,5NJT,Bacteria
P12878,5NJT,Bacteria
P12879,5NJT,Bacteria
P14577,5NJT,Bacteria
P19946,5NJT,Bacteria
P19947,5NJT,Bacteria
P20277,5NJT,Bacteria
P20278,5NJT,Bacteria
P20282,5NJT,Bacteria
P21464,5NJT,Bacteria
P21465,5NJT,Bacteria
P21466,5NJT,Bacteria
P21467,5NJT,Bacteria
P21468,5NJT,Bacteria
P21469,5NJT,Bacteria
P21470,5NJT,Bacteria
P21471,5NJT,Bacteria
P21472,5NJT,Bacteria
P21473,5NJT,Bacteria
P21474,5NJT,Bacteria
P21475,5NJT,Bacteria
P21476,5NJT,Bacteria
P21477,5NJT,Bacteria
P26908,5NJT,Bacteria
P28368,5NJT,Bacteria
P37807,5NJT,Bacteria
P42060,5NJT,Bacteria
P42919,5NJT,Bacteria
P42920,5NJT,Bacteria
P42921,5NJT,Bacteria
P42923,5NJT,Bacteria
P42924,5NJT,Bacteria
P46898,5NJT,Bacteria
P46899,5NJT,Bacteria
P55873,5NJT,Bacteria
P55874,5NJT,Bacteria
P56849,5NJT,Bacteria
P70974,5NJT,Bacteria
Q03223,5NJT,Bacteria
P97030,5T8Y,Bacteria
P08506,3ITB,Bacteria
P84253,6GX4,Bacteria
P84308,6GX4,Bacteria
P16154,5UMI,Bacteria
Q8RM02,5SVB,Bacteria
Q8RM03,5SVB,Bacteria
Q8RM04,5SVB,Bacteria
P0AE67,1FQW,Bacteria
A0A0J9X241,4UMD,Bacteria
P10902,1KNP,Bacteria
P0A884,1AIQ,Bacteria
A0R607,4AUT,Bacteria
P9WPG7,6H5A,Bacteria
Q0TR53,2V5C,Bacteria
P37652,7LBY,Bacteria
A0A7U7ETZ3,3KLS,Bacteria
Q3J125,4HG6,Bacteria
Q3J126,4HG6,Bacteria
P43379,1EO5,Bacteria
Q02059,1TQY,Bacteria
Q02062,1TQY,Bacteria
P02358,6H58,Bacteria
P02359,6H58,Bacteria
P02413,6H58,Bacteria
P0A7J7,5JU8,Bacteria
P0A7K6,6H58,Bacteria
P0A7L3,6H58,Bacteria
P0A7L8,6H58,Bacteria
P0A7M2,6H58,Bacteria
P0A7M6,6H58,Bacteria
P0A7N4,6H58,Bacteria
P0A7N9,6H58,Bacteria
P0A7P5,6H58,Bacteria
P0A7Q1,6H58,Bacteria
P0A7Q6,6H58,Bacteria
P0A7R1,6H58,Bacteria
P0A7R5,6H58,Bacteria
P0A7R9,6H58,Bacteria
P0A7S3,6H58,Bacteria
P0A7S9,6H58,Bacteria
P0A7T3,6H58,Bacteria
P0A7T7,6H58,Bacteria
P0A7U3,6H58,Bacteria
P0A7U7,6H58,Bacteria
P0A7V0,6H58,Bacteria
P0A7V3,6H58,Bacteria
P0A7V8,6H58,Bacteria
P0A7W1,6H58,Bacteria
P0A7W7,6H58,Bacteria
P0A7X3,6H58,Bacteria
P0AA10,6H58,Bacteria
P0ADY3,6H58,Bacteria
P0ADY7,6H58,Bacteria
P0ADZ0,6H58,Bacteria
P0ADZ4,6H58,Bacteria
P0AG44,6H58,Bacteria
P0AG48,6H58,Bacteria
P0AG51,6H58,Bacteria
P0AG55,6H58,Bacteria
P0AG59,6H58,Bacteria
P0AG63,6H58,Bacteria
P0C018,6H58,Bacteria
P60422,6H58,Bacteria
P60438,6H58,Bacteria
P60624,6H58,Bacteria
P60723,6H58,Bacteria
P61175,6H58,Bacteria
P62399,6H58,Bacteria
P68679,6H58,Bacteria
P68919,6H58,Bacteria
P0A6X7,2IIF,Bacteria
P0A6Y1,2IIF,Bacteria
Q5SHR6,2A69,Bacteria
P37744,1H5T,Bacteria
P0A334,3STZ,Bacteria
P37653,7LBY,Bacteria
P49051,6HHU,Bacteria
P0A720,1E9F,Bacteria
A0QPJ2,7D6V,Bacteria
A0QPJ3,7D6V,Bacteria
A0QPJ4,7D6V,Bacteria
P0ABE7,5L7I,Bacteria
Q5NFX0,3TKF,Bacteria
Q746J7,5C8F,Bacteria
P31105,5FTW,Bacteria
P31133,6YEC,Bacteria
P0A6S5,4IFF,Bacteria
A0A5S8WF49,6I5S,Bacteria
P0A7M9,6H58,Bacteria
P06008,3D38,Bacteria
P06009,3D38,Bacteria
P06010,3D38,Bacteria
P07173,3D38,Bacteria
P40131,3TEE,Bacteria
Q0SXH8,4N4W,Bacteria
P00323,5V56,Bacteria
Q8GGD4,6SLF,Bacteria
P0AAP3,5LBM,Bacteria
O85142,1R1V,Bacteria
P0AEX9,3Q25,Bacteria
P0AEY0,4XAJ,Bacteria
O26069,5J1K,Bacteria
Q929S5,3Q1Y,Bacteria
Q65EX3,3OQI,Bacteria
X5DSL3,6WQK,Bacteria
Q51918,6BAE,Bacteria
P02976,6BAE,Bacteria
P38507,5XBY,Bacteria
P28720,1Y5W,Bacteria
P0A738,4PYD,Bacteria
P0ABU0,4ELW,Bacteria
P9WNP5,3T8B,Bacteria
A5F8G9,6KRB,Bacteria
P39615,3ZOQ,Bacteria
Q50EJ2,3GAI,Bacteria
Q2G1M5,5UJE,Bacteria
Q18BE1,5N0L,Bacteria
Q5HEG2,4XQJ,Bacteria
Q931G5,5ND9,Bacteria
P0A0F8,5ND9,Bacteria
P0A0G2,5ND9,Bacteria
P0A0H0,5ND9,Bacteria
P48940,5ND9,Bacteria
P60430,5ND9,Bacteria
Q2FUQ0,5ND9,Bacteria
Q2FW06,5ND9,Bacteria
Q2FW07,5ND9,Bacteria
Q2FW08,5ND9,Bacteria
Q2FW10,5ND9,Bacteria
Q2FW11,5ND9,Bacteria
Q2FW12,5ND9,Bacteria
Q2FW13,5ND9,Bacteria
Q2FW14,5ND9,Bacteria
Q2FW15,5ND9,Bacteria
Q2FW16,5ND9,Bacteria
Q2FW17,5ND9,Bacteria
Q2FW18,5ND9,Bacteria
Q2FW19,5ND9,Bacteria
Q2FW20,5ND9,Bacteria
Q2FW21,5ND9,Bacteria
Q2FW22,5ND9,Bacteria
Q2FW23,5ND9,Bacteria
Q2FW29,5ND9,Bacteria
Q2FW30,5ND9,Bacteria
Q2FW31,5ND9,Bacteria
Q2FW33,5ND9,Bacteria
Q2FW38,5ND9,Bacteria
Q2FW39,5ND9,Bacteria
Q2FWD8,5ND9,Bacteria
Q2FXK6,5ND9,Bacteria
Q2FXQ0,5ND9,Bacteria
Q2FXQ1,5ND9,Bacteria
Q2FXS8,5ND9,Bacteria
Q2FXT0,5ND9,Bacteria
Q2FXY6,5ND9,Bacteria
Q2FXZ7,5ND9,Bacteria
Q2FY22,5ND9,Bacteria
Q2FZ25,5ND9,Bacteria
Q2FZ42,5ND9,Bacteria
Q2FZ45,5ND9,Bacteria
Q2FZ60,5ND9,Bacteria
Q2FZF1,5ND9,Bacteria
Q2G055,5ND9,Bacteria
Q2G111,5ND9,Bacteria
Q2G113,5ND9,Bacteria
Q2G2Q1,5ND9,Bacteria
Q2G0S0,5ND9,Bacteria
P0AFW2,6H58,Bacteria
P0AFX0,6H58,Bacteria
P0AG67,6H58,Bacteria
P37817,2MVH,Bacteria
P32021,5MOF,Bacteria
Q4K8M0,6P5Q,Bacteria
P00782,1V5I,Bacteria
P07788,3ZDW,Bacteria
Q9F663,7A61,Bacteria
Q0SE24,3VEC,Bacteria
Q1J0W0,3UCQ,Bacteria
F9UT54,5B1H,Bacteria
Q8KY42,7OUJ,Bacteria
Q9X1X7,7P4Q,Bacteria
P19821,5Z3N,Bacteria
P20906,4MPR,Bacteria
P74881,6JT9,Bacteria
A0A1B0VLW5,6A6G,Bacteria
A0A1B0VPZ3,6A6E,Bacteria
A0A1H2DDB9,6YRC,Bacteria
P07062,2DCF,Bacteria
P14779,1ZOA,Bacteria
B7JX99,5MEF,Bacteria
P45855,5LP7,Bacteria
A0A2H4A2M1,5LFC,Bacteria
P35835,3VYV,Bacteria
P29600,5ARB,Bacteria
O05495,3CZ8,Bacteria
G7CFI3,4X8E,Bacteria
O53333,6LTZ,Bacteria
A0A1C3NEV1,6SUT,Bacteria
Q9RPA7,2P6P,Bacteria
B3U4H7,4M06,Bacteria
A0A1W6TB41,6IF6,Bacteria
A3FEV7,6QNZ,Bacteria
Q47RM6,7CPN,Bacteria
D4G3D4,7CD3,Bacteria
P05068,4ARX,Bacteria
O53397,4FX0,Bacteria
A0A0F7J8S0,5ZWA,Bacteria
P21890,2X3U,Bacteria
A9DSJ8,6BDD,Bacteria
Q7AKG8,5FRF,Bacteria
P30340,1R1T,Bacteria
P05852,4WQ4,Bacteria
P76256,4WQ4,Bacteria
P35340,4O5Q,Bacteria
Q83WA8,2Z5W,Bacteria
A0A069PXX1,6SPE,Bacteria
A0A069Q263,6SPE,Bacteria
A0A069QC99,6SPE,Bacteria
A0A071L394,6SPE,Bacteria
A0A071L3R7,6SPE,Bacteria
A0A072ZDF7,6SPE,Bacteria
A0A072ZDZ9,6SPE,Bacteria
A0A072ZPV8,6SPE,Bacteria
A0A140S919,6SPE,Bacteria
A0A241XG65,6SPE,Bacteria
A0A2V3DLV3,6SPE,Bacteria
A0A2V3F2U6,6SPE,Bacteria
A0A2V4FRZ2,6SPE,Bacteria
E2RXT0,6SPE,Bacteria
E2RXT2,6SPE,Bacteria
E2RXT5,6SPE,Bacteria
E2RXT8,6SPE,Bacteria
E2RXT9,6SPE,Bacteria
E2RXU3,6SPE,Bacteria
E2RXU4,6SPE,Bacteria
P0A223,2CA5,Bacteria
A0A0X1KGP2,4RUK,Bacteria
Q56185,4J1W,Bacteria
P45857,5LNX,Bacteria
C6FX51,4R33,Bacteria
P12295,3EUG,Bacteria
A0A0H2UQE4,4YW1,Bacteria
A0A0W8ATM9,6FIY,Bacteria
P74917,1H1O,Bacteria
Q939Y1,3MGX,Bacteria
P77335,4PHO,Bacteria
G3XD64,5JVF,Bacteria
P40746,4P8I,Bacteria
Q51669,1X6M,Bacteria
P58687,3M7W,Bacteria
P9WQ35,4P2F,Bacteria
Q8G9Q2,3TTO,Bacteria
P9WFQ9,4WPL,Bacteria
O34928,1W1A,Bacteria
A0A0H2UL03,4WF5,Bacteria
B8QGZ7,2YGT,Bacteria
P26827,3BMW,Bacteria
P73495,4EML,Bacteria
P76015,1UOE,Bacteria
E3PPC3,6K73,Bacteria
P25734,6K73,Bacteria
Q9RWH9,4UQM,Bacteria
Q7CWV1,4E0Y,Bacteria
Q7SI98,5GQD,Bacteria
A0A0H2UNQ9,2WTS,Bacteria
B6ZK72,4RZM,Bacteria
Q2XU25,6JMP,Bacteria
P78055,1L6W,Bacteria
P08164,2NSY,Bacteria
Q13WK7,2W3P,Bacteria
P9WQN9,3HRH,Bacteria
A0A0M4FJ81,5O3K,Bacteria
P22862,3HEA,Bacteria
A0A0B7LH44,5F9T,Bacteria
Q8KLL7,5EX9,Bacteria
P06628,3Q15,Bacteria
Q59HN8,3Q15,Bacteria
D3H0F7,3PAA,Bacteria
A0A0H2X069,2D5K,Bacteria
Q9K4F8,3EYY,Bacteria
Q9WYW0,2H4J,Bacteria
P37486,4A5M,Bacteria
P0DOY6,5VP2,Bacteria
P0DOY7,5VP2,Bacteria
P0DOY8,5VP2,Bacteria
P0DOY9,5VP2,Bacteria
P17291,5VP2,Bacteria
P35871,5VP2,Bacteria
P60405,5VP2,Bacteria
P60488,5VP2,Bacteria
P60489,5VP2,Bacteria
P60490,5VP2,Bacteria
P60491,5VP2,Bacteria
P60492,5VP2,Bacteria
P60493,5VP2,Bacteria
P60494,5VP2,Bacteria
P80339,5VP2,Bacteria
P80340,5VP2,Bacteria
P80371,5VP2,Bacteria
P80372,5VP2,Bacteria
P80373,5VP2,Bacteria
P80374,5VP2,Bacteria
P80376,5VP2,Bacteria
P80377,5VP2,Bacteria
P80380,5VP2,Bacteria
Q5SHN3,5VP2,Bacteria
Q5SHN7,5VP2,Bacteria
Q5SHN8,5VP2,Bacteria
Q5SHN9,5VP2,Bacteria
Q5SHP0,5VP2,Bacteria
Q5SHP2,5VP2,Bacteria
Q5SHP3,5VP2,Bacteria
Q5SHP6,5VP2,Bacteria
Q5SHP8,5VP2,Bacteria
Q5SHP9,5VP2,Bacteria
Q5SHQ0,5VP2,Bacteria
Q5SHQ4,5VP2,Bacteria
Q5SHQ5,5VP2,Bacteria
Q5SHQ6,5VP2,Bacteria
Q5SHQ7,5VP2,Bacteria
Q5SHR2,5VP2,Bacteria
Q5SHZ1,5VP2,Bacteria
Q5SIH3,5VP2,Bacteria
Q5SJ76,5VP2,Bacteria
Q5SJE1,5VP2,Bacteria
Q5SJH3,5VP2,Bacteria
Q5SKU1,5VP2,Bacteria
Q5SLP8,5VP2,Bacteria
Q5SLQ0,5VP2,Bacteria
Q5SLQ1,5VP2,Bacteria
Q9Z9H5,5VP2,Bacteria
P0AEX9,3G7V,Bacteria
Q8VW87,3WPU,Bacteria
B4F366,7B1Z,Bacteria
B3U4H7,3NN2,Bacteria
Q2G0X7,5D3D,Bacteria
Q55012,6WKD,Bacteria
P61316,6FHM,Bacteria
D9MPF2,4HOW,Bacteria
G2LET6,6O6M,Bacteria
O85465,1H2J,Bacteria
Q9JY98,3MW6,Bacteria
K7QVW7,5BU3,Bacteria
A7IZR5,4PKM,Bacteria
A0A0M3KL15,4Y7L,Bacteria
A0A023J6X7,6EIO,Bacteria
Q5SID9,1ODL,Bacteria
A0A8I3B016,6VBK,Bacteria
Q5HG25,3DI0,Bacteria
O85043,2RCF,Bacteria
P72759,2QW7,Bacteria
P23154,3TL1,Bacteria
Q8NN34,5ITS,Bacteria
Q5ZTE0,6DEH,Bacteria
Q83XN4,3TM1,Bacteria
A4IKE6,2YNQ,Bacteria
P0A0Z8,6CKM,Bacteria
A0A0H2URA5,5YRZ,Bacteria
A0A0H2URC7,5YRZ,Bacteria
P00800,4N4E,Bacteria
P83702,1UIY,Bacteria
G8N1K9,7NFU,Bacteria
Q99YU7,2WLA,Bacteria
A0A0H2WZY4,3RY7,Bacteria
A0A022MQ12,6SJ2,Bacteria
A0A1A7BFR5,6K8V,Bacteria
Q939Q9,2X76,Bacteria
Q97R12,5XJ1,Bacteria
Q7BG50,2X0D,Bacteria
A0A378K488,6ZTI,Bacteria
A0A0H3KA72,3HSR,Bacteria
Q9JZ41,2VQ2,Bacteria
Q9HX24,5O8X,Bacteria
Q8YUQ7,7LGK,Bacteria
A0A023GUL3,5F5N,Bacteria
Q7MXL4,3PNN,Bacteria
Q9A0B9,7KQ2,Bacteria
Q63Y08,4K2D,Bacteria
Q187M0,4AXI,Bacteria
Q9X1M7,3FRN,Bacteria
G7CFI3,4X8D,Bacteria
P06653,4X36,Bacteria
P0A8N5,1E1T,Bacteria
E1K247,4UEQ,Bacteria
E1K248,4UEQ,Bacteria
P18187,4UE6,Bacteria
P18188,4UE6,Bacteria
P0DJQ7,1JGT,Bacteria
Q2K340,4JX5,Bacteria
A4ZPY8,4JNA,Bacteria
Q9HTL4,4Y0M,Bacteria
P76318,6KBX,Bacteria
P02358,5H5U,Bacteria
P02359,5H5U,Bacteria
P02413,5H5U,Bacteria
P0A7J7,5H5U,Bacteria
P0A7K6,5H5U,Bacteria
P0A7L3,5H5U,Bacteria
P0A7L8,5H5U,Bacteria
P0A7M2,5H5U,Bacteria
P0A7M6,5H5U,Bacteria
P0A7N4,5H5U,Bacteria
P0A7N9,5H5U,Bacteria
P0A7P5,5H5U,Bacteria
P0A7Q1,5H5U,Bacteria
P0A7Q6,5H5U,Bacteria
P0A7R1,5H5U,Bacteria
P0A7R5,5H5U,Bacteria
P0A7R9,5H5U,Bacteria
P0A7S3,5H5U,Bacteria
P0A7S9,5H5U,Bacteria
P0A7T3,5H5U,Bacteria
P0A7T7,5H5U,Bacteria
P0A7U3,5H5U,Bacteria
P0A7U7,5H5U,Bacteria
P0A7V0,5H5U,Bacteria
P0A7V3,5H5U,Bacteria
P0A7V8,5H5U,Bacteria
P0A7W1,5H5U,Bacteria
P0A7W7,5H5U,Bacteria
P0A7X3,5H5U,Bacteria
P0AA10,5H5U,Bacteria
P0ADY3,5H5U,Bacteria
P0ADY7,5H5U,Bacteria
P0ADZ0,5H5U,Bacteria
P0ADZ4,5H5U,Bacteria
P0AG44,5H5U,Bacteria
P0AG48,5H5U,Bacteria
P0AG51,5H5U,Bacteria
P0AG55,5H5U,Bacteria
P0AG59,5H5U,Bacteria
P0AG63,5H5U,Bacteria
P0C018,5H5U,Bacteria
P60422,5H5U,Bacteria
P60438,5H5U,Bacteria
P60624,5H5U,Bacteria
P60723,5H5U,Bacteria
P61175,5H5U,Bacteria
P62395,3JBV,Bacteria
P62399,5H5U,Bacteria
P68679,5H5U,Bacteria
P68919,5H5U,Bacteria
P0A910,3JBU,Bacteria
P07012,5H5U,Bacteria
P0A7J3,5H5U,Bacteria
P36675,5H5U,Bacteria
F2JXJ3,2YMW,Bacteria
Q9WYW0,1YC5,Bacteria
P27245,5H3R,Bacteria
P13128,4CDB,Bacteria
A0A0H3GD84,4CDB,Bacteria
P0DUE2,6WT8,Bacteria
A0A381HBN1,6WT9,Bacteria
A0A381HAP5,6WT5,Bacteria
P0A223,2V6L,Bacteria
Q9X2H9,6OZG,Bacteria
O67572,4ITL,Bacteria
P11652,4REQ,Bacteria
P11653,4REQ,Bacteria
Q8GNY5,4ADN,Bacteria
Q46927,4YED,Bacteria
F8TRX0,5DFA,Bacteria
Q9HXE3,6P9D,Bacteria
P39621,1QG8,Bacteria
Q9F663,6XD5,Bacteria
J7M1H5,4ZKJ,Bacteria
P15555,1YQS,Bacteria
Q70GK9,2C4U,Bacteria
P25524,3O7U,Bacteria
P62593,4ZJ1,Bacteria
O85361,1HP5,Bacteria
A9FDB7,5LIV,Bacteria
A6QDA0,5D85,Bacteria
A0A158RFK9,6OH8,Bacteria
P28720,3UNT,Bacteria
Q9K499,6OFV,Bacteria
Q8RNT4,5LC8,Bacteria
P0A6F3,1GLL,Bacteria
Q63NA5,6G1N,Bacteria
Q59401,1Q2Q,Bacteria
P0A3E0,3ESZ,Bacteria
A0A0H3JDV8,3NAW,Bacteria
Q2T6B0,6NX0,Bacteria
P54965,2BJF,Bacteria
Q2TDY4,3EMR,Bacteria
Q9F5I8,1H80,Bacteria
P74334,2BIX,Bacteria
Q8Y4N7,1Y9I,Bacteria
P33590,3MVW,Bacteria
F2RB80,5KIK,Bacteria
B1MCI3,4YFM,Bacteria
Q6IV62,3N20,Bacteria
Q6IV65,3N20,Bacteria
Q6IV66,3N20,Bacteria
P21310,1GK3,Bacteria
P04190,5JMX,Bacteria
O66753,2AYT,Bacteria
P0A017,6ND2,Bacteria
P0ADC3,6F49,Bacteria
Q8VRK8,2B4K,Bacteria
Q89VT8,3MF2,Bacteria
Q05115,3DTV,Bacteria
A1E8I9,6MYW,Bacteria
Q54AI1,1WZD,Bacteria
P71119,1WZG,Bacteria
O67625,3DNF,Bacteria
P9WJJ3,3DLA,Bacteria
Q9F3C7,6MUJ,Bacteria
Q92M24,5K3X,Bacteria
Q9KD67,6MSW,Bacteria
A0A0R4I970,4XL3,Bacteria
P45359,4XL2,Bacteria
Q5KST5,2ZTL,Bacteria
P0A877,1WQ5,Bacteria
Q45135,4GHC,Bacteria
Q54450,3CSL,Bacteria
Q79AD2,3CSL,Bacteria
P37355,4MXD,Bacteria
Q8NNA7,5B68,Bacteria
Q8VRK8,1NX9,Bacteria
Q9LCV9,2IHU,Bacteria
Q5ZT65,6MCA,Bacteria
E8KJ17,6DQX,Bacteria
Q9KEI9,6DMV,Bacteria
P00805,6V28,Bacteria
P45359,4WYR,Bacteria
Q5M0B4,4WXF,Bacteria
E7EDQ7,3SXQ,Bacteria
D3X610,3TSG,Bacteria
B6EI04,5AFD,Bacteria
P42321,1MQF,Bacteria
P0A7A5,3LBF,Bacteria
Q9I4G8,5IR4,Bacteria
P41407,2Z9C,Bacteria
Q8PDA8,7P46,Bacteria
P00436,4WHQ,Bacteria
P00437,4WHQ,Bacteria
P00777,2QA9,Bacteria
Q9KD67,6D33,Bacteria
P65401,2Q5W,Bacteria
Q7A441,2Q5W,Bacteria
P21310,1EB4,Bacteria
Q9RRB0,2YG9,Bacteria
Q9ALU0,1EBB,Bacteria
O66530,4EYA,Bacteria
P23608,5HZ2,Bacteria
P21177,6TNM,Bacteria
Q9JZ55,3STF,Bacteria
Q1D4I1,5HWP,Bacteria
Q9K499,3KB9,Bacteria
Q9F663,6TD0,Bacteria
Q05581,1DRY,Bacteria
P9WGK3,2Y79,Bacteria
P9WGW3,2H5X,Bacteria
P0DJQ7,1MBZ,Bacteria
P0A8N5,1E1O,Bacteria
Q9HYC4,4N7S,Bacteria
Q9HYC5,4N7S,Bacteria
P0C0F4,1DLI,Bacteria
Q5SHE1,3JQJ,Bacteria
Q5SHE1,3JQM,Bacteria
P14697,4N5M,Bacteria
P74102,6T6M,Bacteria
Q8Y565,6RWV,Bacteria
P07097,1M1T,Bacteria
P00953,2OV4,Bacteria
P28720,4DXX,Bacteria
P12676,3B3R,Bacteria
P19821,4C8K,Bacteria
A6BMJ3,3B1C,Bacteria
A0A022MQ12,6SJ3,Bacteria
A3DJ37,4DRF,Bacteria
A3DJ38,4DRF,Bacteria
A0A1A7BFR5,6K8U,Bacteria
A0A1B4ZC85,6K96,Bacteria
M2V3J0,4USR,Bacteria
Q6WNP1,4DOY,Bacteria
B1WPM8,5GQX,Bacteria
O31691,3RIO,Bacteria
Q5F581,2G6G,Bacteria
Q05115,3IXL,Bacteria
P0AER0,1LDF,Bacteria
Q51792,1U1W,Bacteria
P41052,1D0K,Bacteria
O50657,5GJO,Bacteria
P9WPZ3,3IT4,Bacteria
O26057,2WP0,Bacteria
O25828,2WP0,Bacteria
Q9HTJ1,3ZQA,Bacteria
Q9HYC5,4M5E,Bacteria
P07800,2FMI,Bacteria
P0A2D5,2FMI,Bacteria
P37028,5OVW,Bacteria
Q7BG50,2X0E,Bacteria
Q2FZ20,5XEX,Bacteria
A0A8I3AZW2,7MGV,Bacteria
Q8PDX2,5VXH,Bacteria
P13632,1L5Z,Bacteria
Q8EF49,4U9B,Bacteria
Q6WZB0,2WBP,Bacteria
Q8G9Q2,4TVC,Bacteria
P0A6F3,1BWF,Bacteria
O68252,5OBP,Bacteria
B1PUC6,4CNK,Bacteria
C8CP57,6J2B,Bacteria
Q8NT35,6J2V,Bacteria
Q89ZI2,2W4X,Bacteria
B1KYY8,6ZJK,Bacteria
P9WQB3,3HPX,Bacteria
G3XD46,4KQO,Bacteria
P9WHR7,6A2Q,Bacteria
P14779,6IAO,Bacteria
Q9L9D7,3PUH,Bacteria
Q9HU57,6QKV,Bacteria
Q6L732,7CL2,Bacteria
A1KQS1,4KC5,Bacteria
P76015,3PNK,Bacteria
A0A6L8PVU3,2DWU,Bacteria
P00459,1RW4,Bacteria
P9WNP7,6HRD,Bacteria
P19567,2UXF,Bacteria
O85361,1JAK,Bacteria
P0A3F4,2V5H,Bacteria
Q6V1L5,2V5H,Bacteria
Q46864,3GN5,Bacteria
P13925,5N2Q,Bacteria
Q8P9V9,3GKN,Bacteria
P11652,1REQ,Bacteria
P11653,1REQ,Bacteria
P31133,6YEB,Bacteria
A0A140NCK4,7C5H,Bacteria
A0L9W2,4JJ0,Bacteria
A0A1S7LCW6,4JJ0,Bacteria
A3DFK9,3GEG,Bacteria
A3DFK9,3GED,Bacteria
Q70KH6,3P3O,Bacteria
Q9HXE3,6PLD,Bacteria
Q9L9F3,5MGZ,Bacteria
A0QQS4,5E7P,Bacteria
G4FEF4,6GX8,Bacteria
B3ECE3,6H99,Bacteria
Q8GEZ8,1R9D,Bacteria
P0A114,1ZI8,Bacteria
F4Y425,5DP1,Bacteria
Q6E7K0,5DOV,Bacteria
Q3K9A1,7K64,Bacteria
P0AGC3,1QSA,Bacteria
G1UDU7,3WVS,Bacteria
Q5H4T8,4IY7,Bacteria
P32890,5LZI,Bacteria
Q9S5E2,2D2X,Bacteria
A0A1W2VN00,5WQ0,Bacteria
A0A1W2VN01,5WQ0,Bacteria
Q5ZTK6,6OQQ,Bacteria
P0DUD7,6WT4,Bacteria
P02358,4V7B,Bacteria
P02359,4V7B,Bacteria
P02413,7BL5,Bacteria
P0A6M8,4V7B,Bacteria
P0A7J3,7BL5,Bacteria
P0A7J7,7BL5,Bacteria
P0A7K2,4V7B,Bacteria
P0A7K6,7BL5,Bacteria
P0A7L3,7BL5,Bacteria
P0A7L8,7BL5,Bacteria
P0A7M2,7BL5,Bacteria
P0A7M6,7BL5,Bacteria
P0A7N4,7BL5,Bacteria
P0A7N9,7BL5,Bacteria
P0A7P5,7BL5,Bacteria
P0A7Q1,4V7B,Bacteria
P0A7Q6,4V7B,Bacteria
P0A7R1,7BL5,Bacteria
P0A7R5,4V7B,Bacteria
P0A7R9,4V7B,Bacteria
P0A7S3,4V7B,Bacteria
P0A7S9,4V7B,Bacteria
P0A7T3,4V7B,Bacteria
P0A7T7,4V7B,Bacteria
P0A7U3,4V7B,Bacteria
P0A7U7,4V7B,Bacteria
P0A7V0,4V7B,Bacteria
P0A7V3,4V7B,Bacteria
P0A7V8,4V7B,Bacteria
P0A7W1,4V7B,Bacteria
P0A7W7,4V7B,Bacteria
P0A7X3,4V7B,Bacteria
P0AA10,7BL5,Bacteria
P0ADY3,7BL5,Bacteria
P0ADY7,7BL5,Bacteria
P0ADZ0,7BL5,Bacteria
P0ADZ4,4V7B,Bacteria
P0AG44,7BL5,Bacteria
P0AG48,7BL5,Bacteria
P0AG51,7BL5,Bacteria
P0AG55,7BL5,Bacteria
P0AG59,4V7B,Bacteria
P0AG63,4V7B,Bacteria
P0C018,7BL5,Bacteria
P60422,7BL5,Bacteria
P60438,7BL5,Bacteria
P60624,7BL5,Bacteria
P60723,7BL5,Bacteria
P61175,7BL5,Bacteria
P62399,7BL5,Bacteria
P68679,4V7B,Bacteria
P68919,7BL5,Bacteria
Q5SLX5,4L5G,Bacteria
Q43965,5KBH,Bacteria
P52003,3MEX,Bacteria
P69910,2DGK,Bacteria
P71021,2WUJ,Bacteria
P0A7M9,7BL5,Bacteria
P0A8X0,7BL5,Bacteria
P0AAT6,7BL5,Bacteria
P33643,7BL5,Bacteria
P42641,7BL5,Bacteria
P39621,1QGQ,Bacteria
Q9RZA4,4IJG,Bacteria
Q2FEC4,5TWB,Bacteria
A2RJT9,2BSL,Bacteria
O53512,5CKV,Bacteria
P35340,4YKG,Bacteria
Q8Y8D7,3V80,Bacteria
Q9KEI9,6DPB,Bacteria
P9WQB3,3U6W,Bacteria
Q5M0B4,4WXB,Bacteria
Q8VQF6,4FMX,Bacteria
Q93LY7,2QA1,Bacteria
P00777,2QAA,Bacteria
Q7VD37,2YNM,Bacteria
Q7VD38,2YNM,Bacteria
Q7VD39,2YNM,Bacteria
P00926,3SS7,Bacteria
A0R607,4F4Q,Bacteria
P19821,3T3F,Bacteria
Q8NNL5,5HUD,Bacteria
Q8NS29,5HUD,Bacteria
P9WJF1,4NCR,Bacteria
Q9HZN6,2Y4R,Bacteria
Q9I5F3,4N9Q,Bacteria
P0C0F4,1DLJ,Bacteria
P00646,1UJW,Bacteria
P06129,1UJW,Bacteria
P0A0M0,2XNA,Bacteria
P00953,1M83,Bacteria
F2Z6J5,3AYX,Bacteria
F2Z6J6,3AYX,Bacteria
W6V2V8,6SPB,Bacteria
A0A1C7BCP0,6SPD,Bacteria
A0A069QB25,6SPD,Bacteria
A0A069QC44,6SPD,Bacteria
A0A069QEB6,6SPD,Bacteria
A0A069QEE3,6SPD,Bacteria
A0A071L356,6SPD,Bacteria
A0A071LFT4,6SPD,Bacteria
A0A072ZBM5,6SPD,Bacteria
A0A072ZBZ2,6SPD,Bacteria
A0A072ZCA1,6SPD,Bacteria
A0A072ZDZ0,6SPD,Bacteria
A0A072ZIQ9,6SPD,Bacteria
A0A072ZJG4,6SPD,Bacteria
A0A072ZKF0,6SPD,Bacteria
A0A072ZMU2,6SPD,Bacteria
A0A087L9L7,6SPD,Bacteria
A0A140SG33,6SPD,Bacteria
A0A241XH26,6SPD,Bacteria
A0A241XHA2,6SPD,Bacteria
A0A263PZC6,6SPD,Bacteria
A0A2V3D5Z8,6SPD,Bacteria
A0A2V3F3S9,6SPD,Bacteria
A0A2V3GYK0,6SPD,Bacteria
E2RXT1,6SPD,Bacteria
E2RXT6,6SPD,Bacteria
E2RXT7,6SPD,Bacteria
E2RXU0,6SPD,Bacteria
E2RXU1,6SPD,Bacteria
E2RXU2,6SPD,Bacteria
P00959,6SPQ,Bacteria
P00959,6SPO,Bacteria
P24182,3RV4,Bacteria
P19821,4CCH,Bacteria
P18187,4UPE,Bacteria
P18188,4UPE,Bacteria
B1WPM8,5GQV,Bacteria
Q9JZG1,3RMJ,Bacteria
A0A066ZR71,5Y34,Bacteria
F2Z6J6,5Y34,Bacteria
O67528,3ZTP,Bacteria
P13925,4LVI,Bacteria
Q55168,3ZQ5,Bacteria
P0A836,2NU8,Bacteria
P0AGE9,2NU8,Bacteria
P0DJY7,1L0Y,Bacteria
P62561,1L0Y,Bacteria
P0C0Y7,2UX3,Bacteria
P0C0Y8,2UX3,Bacteria
P0C0Y9,2UX3,Bacteria
P71451,4CC4,Bacteria
P9WIE5,1SJ2,Bacteria
Q8PDX2,5VXE,Bacteria
P12758,1RXY,Bacteria
Q2FZP6,4C12,Bacteria
P76014,3PNL,Bacteria
P76015,3PNL,Bacteria
U5RSY1,6YUA,Bacteria
U5RTE2,6YUA,Bacteria
U5RWA4,6YUA,Bacteria
W0DKT4,5N1T,Bacteria
W0DP88,5N1T,Bacteria
W0DSL1,5N1T,Bacteria
P27988,1OAO,Bacteria
Q5SLI8,4S3E,Bacteria
A0A0H3JN63,6H5E,Bacteria
A0A0H3JUU7,6H5E,Bacteria
P0AGC3,1QTE,Bacteria
Q5H4T8,4IYO,Bacteria
A8WBX8,7K3U,Bacteria
Q43965,5KBE,Bacteria
P9WF43,5OAY,Bacteria
Q9WYW0,3PDH,Bacteria
Q9RTE3,5XAP,Bacteria
P0AEX9,4XR8,Bacteria
O53512,2W1A,Bacteria
P9WIC1,2W1A,Bacteria
P35340,4YKF,Bacteria
P27989,1OAO,Bacteria
Q5SJP8,2YYK,Bacteria
P00953,1MAU,Bacteria
P0A0K8,6QTK,Bacteria
Q99XG5,6QTK,Bacteria
P69910,2DGM,Bacteria
P00138,2XLD,Bacteria
P16497,2VLG,Bacteria
D0VWR1,3WU2,Bacteria
D0VWR2,3WU2,Bacteria
D0VWR3,3WU2,Bacteria
D0VWR4,3WU2,Bacteria
D0VWR5,3WU2,Bacteria
D0VWR7,3WU2,Bacteria
D0VWR8,3WU2,Bacteria
P0A387,3WU2,Bacteria
P0DM37,6JLJ,Bacteria
P12238,3WU2,Bacteria
P12239,3WU2,Bacteria
P12240,3WU2,Bacteria
P12241,3WU2,Bacteria
P12312,3WU2,Bacteria
P12313,3WU2,Bacteria
P19052,3WU2,Bacteria
P19054,3WU2,Bacteria
P51765,3WU2,Bacteria
P56152,3WU2,Bacteria
Q7DGD4,3WU2,Bacteria
A3DBH1,6IVU,Bacteria
P02413,3J7Z,Bacteria
P0A7K6,3J7Z,Bacteria
P0A7L3,3J7Z,Bacteria
P0A7L8,3J7Z,Bacteria
P0A7M2,3J7Z,Bacteria
P0A7M6,3J7Z,Bacteria
P0A7M9,7BL4,Bacteria
P0A7N4,3J7Z,Bacteria
P0A7N9,3J7Z,Bacteria
P0A7P5,3J7Z,Bacteria
P0A7Q1,3J7Z,Bacteria
P0A7Q6,3J7Z,Bacteria
P0A7R1,3J7Z,Bacteria
P0AA10,3J7Z,Bacteria
P0ADY3,3J7Z,Bacteria
P0ADY7,3J7Z,Bacteria
P0ADZ0,3J7Z,Bacteria
P0AG44,3J7Z,Bacteria
P0AG48,3J7Z,Bacteria
P0AG51,3J7Z,Bacteria
P0AG55,3J7Z,Bacteria
P0C018,3J7Z,Bacteria
P42641,7BL4,Bacteria
P60422,3J7Z,Bacteria
P60438,3J7Z,Bacteria
P60624,3J7Z,Bacteria
P60723,3J7Z,Bacteria
P61175,3J7Z,Bacteria
P62399,3J7Z,Bacteria
P68919,3J7Z,Bacteria
P0A7J7,3J7Z,Bacteria
P0AAT6,7BL4,Bacteria
Q3ZDQ7,2GAG,Bacteria
Q3ZDQ8,2GAG,Bacteria
Q3ZDQ9,2GAG,Bacteria
Q3ZDR0,2GAG,Bacteria
Q9RV71,5DD8,Bacteria
Q04IN8,5CR6,Bacteria
P46828,1RZR,Bacteria
A0A166Q2C7,5UJD,Bacteria
Q3J179,4HH3,Bacteria
Q746J7,5C8E,Bacteria
Q8RBX6,5JRV,Bacteria
P00309,2J96,Bacteria
Q9RP86,6UTC,Bacteria
A3DBH0,6IVU,Bacteria
P31133,6YE6,Bacteria
P62611,6CFL,Bacteria
P0DOY6,5F8K,Bacteria
P0DOY7,5F8K,Bacteria
P0DOY8,5F8K,Bacteria
P0DOY9,5F8K,Bacteria
P17291,5F8K,Bacteria
P35871,5F8K,Bacteria
P60405,5F8K,Bacteria
P60488,5F8K,Bacteria
P60489,5F8K,Bacteria
P60490,5F8K,Bacteria
P60491,5F8K,Bacteria
P60492,5F8K,Bacteria
P60493,5F8K,Bacteria
P60494,5F8K,Bacteria
P80339,5F8K,Bacteria
P80340,5F8K,Bacteria
P80371,5F8K,Bacteria
P80372,5F8K,Bacteria
P80373,5F8K,Bacteria
P80374,5F8K,Bacteria
P80376,5F8K,Bacteria
P80377,5F8K,Bacteria
P80380,5F8K,Bacteria
Q5SHN3,5F8K,Bacteria
Q5SHN7,5F8K,Bacteria
Q5SHN8,5F8K,Bacteria
Q5SHN9,5F8K,Bacteria
Q5SHP0,5F8K,Bacteria
Q5SHP2,5F8K,Bacteria
Q5SHP3,5F8K,Bacteria
Q5SHP6,5F8K,Bacteria
Q5SHP8,5F8K,Bacteria
Q5SHP9,5F8K,Bacteria
Q5SHQ0,5F8K,Bacteria
Q5SHQ4,5F8K,Bacteria
Q5SHQ5,5F8K,Bacteria
Q5SHQ6,5F8K,Bacteria
Q5SHQ7,5F8K,Bacteria
Q5SHR2,5F8K,Bacteria
Q5SHZ1,5F8K,Bacteria
Q5SJ76,5F8K,Bacteria
Q5SJE1,5F8K,Bacteria
Q5SJH3,5F8K,Bacteria
Q5SKU1,5F8K,Bacteria
Q5SLP8,5F8K,Bacteria
Q5SLQ0,5F8K,Bacteria
Q5SLQ1,5F8K,Bacteria
Q9Z9H5,5F8K,Bacteria
Q5SIH3,5F8K,Bacteria
P0AD49,5FDU,Bacteria
Q8NP91,6G1B,Bacteria
P67430,4YZE,Bacteria
Q55891,3F0L,Bacteria
Q53119,4HH0,Bacteria
I7GF07,6ECI,Bacteria
O32393,1WC5,Bacteria
O69250,1RZR,Bacteria
P07801,1AF7,Bacteria
A0A1C7BCP0,6SPG,Bacteria
A0A069PXX1,6SPG,Bacteria
A0A069Q263,6SPG,Bacteria
A0A069QB25,6SPG,Bacteria
A0A069QC44,6SPG,Bacteria
A0A069QC99,6SPG,Bacteria
A0A069QEB6,6SPG,Bacteria
A0A069QEE3,6SPG,Bacteria
A0A071L356,6SPG,Bacteria
A0A071L394,6SPG,Bacteria
A0A071L3R7,6SPG,Bacteria
A0A071LFT4,6SPG,Bacteria
A0A072ZBM5,6SPG,Bacteria
A0A072ZBZ2,6SPG,Bacteria
A0A072ZCA1,6SPG,Bacteria
A0A072ZDF7,6SPG,Bacteria
A0A072ZDZ0,6SPG,Bacteria
A0A072ZDZ9,6SPG,Bacteria
A0A072ZIQ9,6SPG,Bacteria
A0A072ZJG4,6SPG,Bacteria
A0A072ZKF0,6SPG,Bacteria
A0A072ZMU2,6SPG,Bacteria
A0A072ZPV8,6SPG,Bacteria
A0A087L9L7,6SPG,Bacteria
A0A140S919,6SPG,Bacteria
A0A140SG33,6SPG,Bacteria
A0A241XG65,6SPG,Bacteria
A0A241XH26,6SPG,Bacteria
A0A241XHA2,6SPG,Bacteria
A0A263PZC6,6SPG,Bacteria
A0A2V3D5Z8,6SPG,Bacteria
A0A2V3DLV3,6SPG,Bacteria
A0A2V3F2U6,6SPG,Bacteria
A0A2V3F3S9,6SPG,Bacteria
A0A2V3GYK0,6SPG,Bacteria
A0A2V4FRZ2,6SPG,Bacteria
E2RXT0,6SPG,Bacteria
E2RXT1,6SPG,Bacteria
E2RXT2,6SPG,Bacteria
E2RXT5,6SPG,Bacteria
E2RXT6,6SPG,Bacteria
E2RXT7,6SPG,Bacteria
E2RXT8,6SPG,Bacteria
E2RXT9,6SPG,Bacteria
E2RXU0,6SPG,Bacteria
E2RXU1,6SPG,Bacteria
E2RXU2,6SPG,Bacteria
E2RXU3,6SPG,Bacteria
E2RXU4,6SPG,Bacteria
Q8RP52,4K8W,Bacteria
D3JIB2,3PRX,Bacteria
P03063,3J7Z,Bacteria
P0A7J3,3J7Z,Bacteria
P0A7K2,3J7Z,Bacteria
P67344,5KIV,Bacteria
P9WIL5,3IMC,Bacteria
P9WIL4,4MQ6,Bacteria
B7JX99,5MEG,Bacteria
Q74FY6,4AAL,Bacteria
Q82ZE8,1U7N,Bacteria
P00282,2FTA,Bacteria
W8QLE0,7BIO,Bacteria
P47229,2OG1,Bacteria
B3ECE3,6H98,Bacteria
P0ABQ4,1JOM,Bacteria
P00808,2WK0,Bacteria
Q9KL03,5UG4,Bacteria
A6LHD8,3OBE,Bacteria
Q9K4U1,4K6O,Bacteria
Q9I5U4,1YXO,Bacteria
A0QS88,4QFE,Bacteria
Q7NDN8,4HFE,Bacteria
Q2SVC5,3MQQ,Bacteria
Q5ZY30,6NFE,Bacteria
P11987,1FZ7,Bacteria
P18798,1FZ7,Bacteria
P22869,1FZ7,Bacteria
Q2S9K4,2RFG,Bacteria
P00132,1J0O,Bacteria
D2Q1L0,5J7M,Bacteria
Q59096,1F8F,Bacteria
P0AA25,5HR3,Bacteria
Q5LMI4,3BJ6,Bacteria
C8WHB0,4EJO,Bacteria
Q9KEI9,2G8V,Bacteria
P94458,2X71,Bacteria
A0A6L8PRR7,4LES,Bacteria
Q9X180,3A0V,Bacteria
Q7CQG2,3IAH,Bacteria
P0A6K3,2W3T,Bacteria
A6LBD9,4L8N,Bacteria
A0A0S4TLR1,5O7V,Bacteria
Q5M3Z4,3HP7,Bacteria
A0QWG5,5F31,Bacteria
A1SZA3,6HSR,Bacteria
A0A0H3LXD4,3PAM,Bacteria
A0A286RIX1,7BFU,Bacteria
A0A8I3B056,6XSU,Bacteria
O85465,7A3H,Bacteria
Q8ZRR1,3MUE,Bacteria
Q839D1,2AE6,Bacteria
P22629,4GDA,Bacteria
Q5SIY4,4F7I,Bacteria
Q2V0H0,2HYK,Bacteria
P0A0F8,5HKV,Bacteria
P0A0G2,5HKV,Bacteria
P60430,5HKV,Bacteria
Q2FUQ0,5HKV,Bacteria
Q2FW06,5HKV,Bacteria
Q2FW07,5HKV,Bacteria
Q2FW08,5HKV,Bacteria
Q2FW11,5HKV,Bacteria
Q2FW13,5HKV,Bacteria
Q2FW14,5HKV,Bacteria
Q2FW16,5HKV,Bacteria
Q2FW17,5HKV,Bacteria
Q2FW18,5HKV,Bacteria
Q2FW21,5HKV,Bacteria
Q2FW22,5HKV,Bacteria
Q2FW29,4WCE,Bacteria
Q2FW33,5HKV,Bacteria
Q2FW38,5HKV,Bacteria
Q2FXQ0,5HKV,Bacteria
Q2FXQ1,5HKV,Bacteria
Q2FXS8,5HKV,Bacteria
Q2FXT0,5HKV,Bacteria
Q2FZ42,5HKV,Bacteria
Q2FZ60,5HKV,Bacteria
Q2FZF1,5HKV,Bacteria
Q2G0S0,5HKV,Bacteria
P96405,3B4W,Bacteria
Q9F663,6QWA,Bacteria
Q838W1,4KLK,Bacteria
B3A043,3H4X,Bacteria
Q5SJ65,2DDG,Bacteria
Q8RTL3,2BMR,Bacteria
Q8RTL4,2BMR,Bacteria
P49228,7A0S,Bacteria
Q9RRG8,7A0S,Bacteria
Q9RSH2,7A0S,Bacteria
Q9RSJ5,7A0S,Bacteria
Q9RSK9,7A0S,Bacteria
Q9RSL0,7A0S,Bacteria
Q9RSL2,7A0S,Bacteria
Q9RSL3,7A0S,Bacteria
Q9RSS4,7A0S,Bacteria
Q9RSW6,7A0S,Bacteria
Q9RSW7,7A0S,Bacteria
Q9RWB4,7A0S,Bacteria
Q9RX88,7A0S,Bacteria
Q9RXJ0,7A0S,Bacteria
Q9RXJ1,7A0S,Bacteria
Q9RXJ2,7A0S,Bacteria
Q9RXJ4,7A0S,Bacteria
Q9RXJ5,7A0S,Bacteria
Q9RXJ7,7A0S,Bacteria
Q9RXJ9,7A0S,Bacteria
Q9RXK0,7A0S,Bacteria
Q9RXK1,7A0S,Bacteria
Q9RXK2,7A0S,Bacteria
Q9RXY1,7A0S,Bacteria
Q9RY64,7A0S,Bacteria
Q9RY65,7A0S,Bacteria
Q2FJE0,5HKV,Bacteria
Q2YYP6,4WCE,Bacteria
P30663,2GJ3,Bacteria
G8ULV1,6R7W,Bacteria
